instancia,items,ancho,opt_conocido,OPT_ref,H_BL,H_PSO,Hopt_BL,Hopt_PSO,ms
1977ChristofidesWhitlock1.csv,16,10.0000,true,23.0000,25.0000,23.0000,1.086957,1.000000,28
1977ChristofidesWhitlock2.csv,23,70.0000,true,67.0000,79.0000,70.0000,1.179104,1.044776,28
1977ChristofidesWhitlock3.csv,62,70.0000,true,670.0000,934.0000,748.0000,1.394030,1.116418,41
1982Bengtsson1.csv,20,25.0000,true,30.0000,36.0000,32.0000,1.200000,1.066667,14
1982Bengtsson10.csv,200,40.0000,true,156.0000,170.0000,169.0000,1.089744,1.083333,245
1982Bengtsson2.csv,40,25.0000,true,58.0000,71.0000,62.0000,1.224138,1.068966,31
1982Bengtsson3.csv,60,25.0000,true,85.0000,103.0000,93.0000,1.211765,1.094118,45
1982Bengtsson4.csv,80,25.0000,true,108.0000,130.0000,118.0000,1.203704,1.092593,65
1982Bengtsson5.csv,100,25.0000,true,134.0000,158.0000,146.0000,1.179104,1.089552,80
1982Bengtsson6.csv,40,40.0000,true,37.0000,40.0000,39.0000,1.081081,1.054054,38
1982Bengtsson7.csv,80,40.0000,true,67.0000,81.0000,73.0000,1.208955,1.089552,82
1982Bengtsson8.csv,120,40.0000,true,101.0000,112.0000,110.0000,1.108911,1.089109,124
1982Bengtsson9.csv,160,40.0000,true,126.0000,142.0000,137.0000,1.126984,1.087302,173
1985BeasleyJORS1.csv,10,250.0000,true,1016.0000,1020.0000,1016.0000,1.003937,1.000000,5
1985BeasleyJORS2.csv,20,250.0000,true,1208.0000,1431.0000,1296.0000,1.184603,1.072848,10
1985BeasleyJORS3.csv,30,250.0000,true,1803.0000,2489.0000,1897.0000,1.380477,1.052135,17
1985BeasleyJORS4.csv,50,250.0000,true,3077.0000,4453.0000,3504.0000,1.447189,1.138772,31
1985BeasleyOR1.csv,10,10.0000,true,23.0000,28.0000,23.0000,1.217391,1.000000,5
1985BeasleyOR10.csv,13,30.0000,true,80.0000,85.0000,80.0000,1.062500,1.000000,8
1985BeasleyOR11.csv,15,30.0000,true,52.0000,63.0000,55.0000,1.211538,1.057692,10
1985BeasleyOR12.csv,22,30.0000,true,87.0000,120.0000,90.0000,1.379310,1.034483,12
1985BeasleyOR2.csv,17,10.0000,true,30.0000,37.0000,31.0000,1.233333,1.033333,8
1985BeasleyOR3.csv,21,10.0000,true,28.0000,43.0000,30.0000,1.535714,1.071429,11
1985BeasleyOR4.csv,7,10.0000,true,20.0000,20.0000,20.0000,1.000000,1.000000,3
1985BeasleyOR5.csv,14,10.0000,true,36.0000,48.0000,36.0000,1.333333,1.000000,8
1985BeasleyOR6.csv,15,10.0000,true,31.0000,41.0000,32.0000,1.322581,1.032258,8
1985BeasleyOR7.csv,8,20.0000,true,20.0000,20.0000,20.0000,1.000000,1.000000,4
1985BeasleyOR8.csv,13,20.0000,true,33.0000,40.0000,34.0000,1.212121,1.030303,7
1985BeasleyOR9.csv,18,20.0000,true,49.0000,61.0000,54.0000,1.244898,1.102041,10
1996Jakobs1.csv,25,40.0000,true,15.0000,19.0000,16.0000,1.266667,1.066667,21
1996Jakobs2.csv,50,40.0000,true,15.0000,18.0000,16.0000,1.200000,1.066667,53
1998Hifi1.csv,5,5.0000,true,13.0000,5.0000,5.0000,0.384615,0.384615,3
1998Hifi10.csv,4,50.0000,true,80.0000,50.0000,50.0000,0.625000,0.625000,2
1998Hifi11.csv,10,27.0000,true,48.0000,64.0000,48.0000,1.333333,1.000000,5
1998Hifi12.csv,6,81.0000,true,34.0000,15.0000,15.0000,0.441176,0.441176,3
1998Hifi13.csv,7,70.0000,true,50.0000,55.0000,50.0000,1.100000,1.000000,4
1998Hifi14.csv,4,100.0000,true,69.0000,37.0000,33.0000,0.536232,0.478261,2
1998Hifi15.csv,10,45.0000,true,34.0000,32.0000,30.0000,0.941176,0.882353,6
1998Hifi16.csv,7,6.0000,true,33.0000,28.0000,25.0000,0.848485,0.757576,3
1998Hifi17.csv,9,42.0000,true,39.0000,40.0000,34.0000,1.025641,0.871795,4
1998Hifi18.csv,5,70.0000,true,101.0000,50.0000,50.0000,0.495050,0.495050,2
1998Hifi19.csv,6,5.0000,true,26.0000,15.0000,14.0000,0.576923,0.538462,2
1998Hifi2.csv,5,4.0000,true,40.0000,21.0000,19.0000,0.525000,0.475000,2
1998Hifi20.csv,10,15.0000,true,21.0000,24.0000,21.0000,1.142857,1.000000,5
1998Hifi21.csv,7,30.0000,true,145.0000,140.0000,125.0000,0.965517,0.862069,3
1998Hifi22.csv,10,90.0000,true,34.0000,21.0000,19.0000,0.617647,0.558824,6
1998Hifi23.csv,5,15.0000,true,35.0000,15.0000,15.0000,0.428571,0.428571,2
1998Hifi24.csv,10,50.0000,true,114.0000,134.0000,111.0000,1.175439,0.973684,5
1998Hifi25.csv,15,25.0000,true,36.0000,39.0000,38.0000,1.083333,1.055556,8
1998Hifi3.csv,5,6.0000,true,14.0000,8.0000,8.0000,0.571429,0.571429,2
1998Hifi4.csv,6,6.0000,true,20.0000,13.0000,11.0000,0.650000,0.550000,3
1998Hifi5.csv,5,20.0000,true,20.0000,20.0000,20.0000,1.000000,1.000000,2
1998Hifi6.csv,7,30.0000,true,38.0000,40.0000,38.0000,1.052632,1.000000,3
1998Hifi7.csv,5,15.0000,true,14.0000,10.0000,10.0000,0.714286,0.714286,2
1998Hifi8.csv,5,15.0000,true,17.0000,10.0000,10.0000,0.588235,0.588235,2
1998Hifi9.csv,6,27.0000,true,17.0000,34.0000,34.0000,2.000000,2.000000,2
1999Hifi1.csv,28,425.0000,false,25.0000,25.0000,25.0000,1.000000,1.000000,39
1999Hifi2.csv,25,127.0000,false,37.0000,39.0000,37.0000,1.054054,1.000000,24
1999Hifi3.csv,20,225.0000,false,63.0000,63.0000,63.0000,1.000000,1.000000,19
1999Hifi4.csv,30,365.0000,false,33.0000,33.0000,33.0000,1.000000,1.000000,45
1999Hifi5.csv,30,165.0000,false,42.4242,50.0000,49.0000,1.178571,1.155000,33
1999Hifi6.csv,40,657.0000,false,121.0000,121.0000,121.0000,1.000000,1.000000,83
1999Hifi7.csv,60,357.0000,false,121.0000,121.0000,121.0000,1.000000,1.000000,131
1999Hifi8.csv,43,475.0000,false,25.0000,25.0000,25.0000,1.000000,1.000000,95
1999Hifi9.csv,30,175.0000,false,26.8343,31.0000,31.0000,1.155239,1.155239,35
2000HopperC1-P1.csv,16,20.0000,true,20.0000,27.0000,21.0000,1.350000,1.050000,10
2000HopperC1-P2.csv,17,20.0000,true,20.0000,23.0000,22.0000,1.150000,1.100000,10
2000HopperC1-P3.csv,16,20.0000,true,20.0000,28.0000,21.0000,1.400000,1.050000,9
2000HopperC2-P1.csv,25,40.0000,true,15.0000,19.0000,16.0000,1.266667,1.066667,17
2000HopperC2-P2.csv,25,40.0000,true,15.0000,19.0000,16.0000,1.266667,1.066667,17
2000HopperC2-P3.csv,25,40.0000,true,15.0000,17.0000,16.0000,1.133333,1.066667,16
2000HopperC3-P1.csv,28,60.0000,true,30.0000,36.0000,32.0000,1.200000,1.066667,20
2000HopperC3-P2.csv,29,60.0000,true,30.0000,36.0000,33.0000,1.200000,1.100000,23
2000HopperC3-P3.csv,28,60.0000,true,30.0000,42.0000,34.0000,1.400000,1.133333,21
2000HopperC4-P1.csv,49,60.0000,true,60.0000,78.0000,68.0000,1.300000,1.133333,45
2000HopperC4-P2.csv,49,60.0000,true,60.0000,76.0000,69.0000,1.266667,1.150000,44
2000HopperC4-P3.csv,49,60.0000,true,60.0000,77.0000,67.0000,1.283333,1.116667,45
2000HopperC5-P1.csv,73,60.0000,true,90.0000,106.0000,100.0000,1.177778,1.111111,64
2000HopperC5-P2.csv,73,60.0000,true,90.0000,111.0000,102.0000,1.233333,1.133333,67
2000HopperC5-P3.csv,73,60.0000,true,90.0000,111.0000,100.0000,1.233333,1.111111,63
2000HopperC6-P1.csv,97,80.0000,true,128.0000,140.0000,137.0000,1.093750,1.070313,94
2000HopperC6-P2.csv,97,80.0000,true,120.0000,157.0000,140.0000,1.308333,1.166667,100
2000HopperC6-P3.csv,97,80.0000,true,120.0000,141.0000,137.0000,1.175000,1.141667,98
2000HopperC7-P1.csv,196,160.0000,true,240.0000,290.0000,276.0000,1.208333,1.150000,267
2000HopperC7-P2.csv,197,160.0000,true,240.0000,286.0000,281.0000,1.191667,1.170833,268
2000HopperC7-P3.csv,196,160.0000,true,240.0000,275.0000,270.0000,1.145833,1.125000,293
2000HopperN1a.csv,17,200.0000,true,200.0000,259.0000,222.0000,1.295000,1.110000,12
2000HopperN1b.csv,17,200.0000,true,200.0000,339.0000,228.0000,1.695000,1.140000,11
2000HopperN1c.csv,17,200.0000,true,200.0000,261.0000,227.0000,1.305000,1.135000,10
2000HopperN1d.csv,17,200.0000,true,200.0000,277.0000,222.0000,1.385000,1.110000,11
2000HopperN1e.csv,17,200.0000,true,200.0000,252.0000,221.0000,1.260000,1.105000,11
2000HopperN2a.csv,25,200.0000,true,200.0000,270.0000,230.0000,1.350000,1.150000,20
2000HopperN2b.csv,25,200.0000,true,200.0000,290.0000,232.0000,1.450000,1.160000,18
2000HopperN2c.csv,25,200.0000,true,200.0000,277.0000,232.0000,1.385000,1.160000,19
2000HopperN2d.csv,25,200.0000,true,200.0000,264.0000,226.0000,1.320000,1.130000,17
2000HopperN2e.csv,25,200.0000,true,200.0000,241.0000,228.0000,1.205000,1.140000,18
2000HopperN3a.csv,29,200.0000,true,200.0000,266.0000,234.0000,1.330000,1.170000,23
2000HopperN3b.csv,29,200.0000,true,200.0000,243.0000,236.0000,1.215000,1.180000,23
2000HopperN3c.csv,29,200.0000,true,200.0000,259.0000,223.0000,1.295000,1.115000,23
2000HopperN3d.csv,29,200.0000,true,200.0000,258.0000,233.0000,1.290000,1.165000,23
2000HopperN3e.csv,29,200.0000,true,200.0000,256.0000,223.0000,1.280000,1.115000,23
2000HopperN4a.csv,49,200.0000,true,200.0000,232.0000,228.0000,1.160000,1.140000,50
2000HopperN4b.csv,49,200.0000,true,200.0000,261.0000,236.0000,1.305000,1.180000,47
2000HopperN4c.csv,49,200.0000,true,200.0000,250.0000,226.0000,1.250000,1.130000,52
2000HopperN4d.csv,49,200.0000,true,200.0000,273.0000,232.0000,1.365000,1.160000,48
2000HopperN4e.csv,49,200.0000,true,200.0000,275.0000,228.0000,1.375000,1.140000,50
2000HopperN5a.csv,73,200.0000,true,200.0000,233.0000,228.0000,1.165000,1.140000,89
2000HopperN5b.csv,73,200.0000,true,200.0000,244.0000,226.0000,1.220000,1.130000,83
2000HopperN5c.csv,73,200.0000,true,200.0000,233.0000,233.0000,1.165000,1.165000,89
2000HopperN5d.csv,73,200.0000,true,200.0000,245.0000,232.0000,1.225000,1.160000,86
2000HopperN5e.csv,73,200.0000,true,200.0000,267.0000,233.0000,1.335000,1.165000,92
2000HopperN6a.csv,97,200.0000,true,200.0000,252.0000,227.0000,1.260000,1.135000,120
2000HopperN6b.csv,97,200.0000,true,200.0000,241.0000,233.0000,1.205000,1.165000,121
2000HopperN6c.csv,97,200.0000,true,200.0000,246.0000,233.0000,1.230000,1.165000,123
2000HopperN6d.csv,97,200.0000,true,200.0000,236.0000,229.0000,1.180000,1.145000,128
2000HopperN6e.csv,97,200.0000,true,200.0000,242.0000,235.0000,1.210000,1.175000,132
2000HopperN7a.csv,197,200.0000,true,200.0000,244.0000,227.0000,1.220000,1.135000,327
2000HopperN7b.csv,197,200.0000,true,200.0000,226.0000,225.0000,1.130000,1.125000,337
2000HopperN7c.csv,197,200.0000,true,200.0000,235.0000,230.0000,1.175000,1.150000,332
2000HopperN7d.csv,197,200.0000,true,200.0000,240.0000,230.0000,1.200000,1.150000,389
2000HopperN7e.csv,197,200.0000,true,200.0000,231.0000,229.0000,1.155000,1.145000,356
2000HopperT1a.csv,17,200.0000,true,200.0000,256.0000,230.0000,1.280000,1.150000,12
2000HopperT1b.csv,17,200.0000,true,200.0000,277.0000,222.0000,1.385000,1.110000,12
2000HopperT1c.csv,17,200.0000,true,200.0000,223.0000,210.0000,1.115000,1.050000,11
2000HopperT1d.csv,17,200.0000,true,200.0000,347.0000,231.0000,1.735000,1.155000,13
2000HopperT1e.csv,17,200.0000,true,200.0000,257.0000,229.0000,1.285000,1.145000,22
2000HopperT2a.csv,25,200.0000,true,200.0000,249.0000,227.0000,1.245000,1.135000,36
2000HopperT2b.csv,25,200.0000,true,200.0000,226.0000,226.0000,1.130000,1.130000,35
2000HopperT2c.csv,25,200.0000,true,200.0000,288.0000,232.0000,1.440000,1.160000,24
2000HopperT2d.csv,25,200.0000,true,200.0000,241.0000,228.0000,1.205000,1.140000,25
2000HopperT2e.csv,25,200.0000,true,200.0000,290.0000,232.0000,1.450000,1.160000,19
2000HopperT3a.csv,29,200.0000,true,200.0000,258.0000,233.0000,1.290000,1.165000,24
2000HopperT3b.csv,29,200.0000,true,200.0000,248.0000,228.0000,1.240000,1.140000,25
2000HopperT3c.csv,29,200.0000,true,200.0000,250.0000,222.0000,1.250000,1.110000,24
2000HopperT3d.csv,29,200.0000,true,200.0000,290.0000,222.0000,1.450000,1.110000,23
2000HopperT3e.csv,29,200.0000,true,200.0000,243.0000,236.0000,1.215000,1.180000,23
2000HopperT4a.csv,49,200.0000,true,200.0000,259.0000,230.0000,1.295000,1.150000,52
2000HopperT4b.csv,49,200.0000,true,200.0000,250.0000,226.0000,1.250000,1.130000,51
2000HopperT4c.csv,49,200.0000,true,200.0000,273.0000,232.0000,1.365000,1.160000,48
2000HopperT4d.csv,49,200.0000,true,200.0000,232.0000,228.0000,1.160000,1.140000,48
2000HopperT4e.csv,49,200.0000,true,200.0000,261.0000,236.0000,1.305000,1.180000,47
2000HopperT5a.csv,73,200.0000,true,200.0000,233.0000,233.0000,1.165000,1.165000,92
2000HopperT5b.csv,73,200.0000,true,200.0000,228.0000,228.0000,1.140000,1.140000,89
2000HopperT5c.csv,73,200.0000,true,200.0000,233.0000,228.0000,1.165000,1.140000,90
2000HopperT5d.csv,73,200.0000,true,200.0000,245.0000,232.0000,1.225000,1.160000,86
2000HopperT5e.csv,73,200.0000,true,200.0000,244.0000,226.0000,1.220000,1.130000,83
2000HopperT6a.csv,97,200.0000,true,200.0000,233.0000,229.0000,1.165000,1.145000,116
2000HopperT6b.csv,97,200.0000,true,200.0000,246.0000,233.0000,1.230000,1.165000,124
2000HopperT6c.csv,97,200.0000,true,200.0000,242.0000,235.0000,1.210000,1.175000,132
2000HopperT6d.csv,97,200.0000,true,200.0000,241.0000,233.0000,1.205000,1.165000,121
2000HopperT6e.csv,97,200.0000,true,200.0000,245.0000,231.0000,1.225000,1.155000,137
2000HopperT7a.csv,199,200.0000,true,200.0000,224.0000,224.0000,1.120000,1.120000,362
2000HopperT7b.csv,199,200.0000,true,200.0000,227.0000,227.0000,1.135000,1.135000,358
2000HopperT7c.csv,199,200.0000,true,200.0000,235.0000,229.0000,1.175000,1.145000,378
2000HopperT7d.csv,199,200.0000,true,200.0000,231.0000,225.0000,1.155000,1.125000,364
2000HopperT7e.csv,199,200.0000,true,200.0000,232.0000,228.0000,1.160000,1.140000,357
2001WangValenzuelaNice1.100.csv,100,100.0000,true,100.0000,119.8229,114.9356,1.198229,1.149356,141
2001WangValenzuelaNice1.1t.csv,1000,100.0000,true,100.0000,113.9557,112.5959,1.139557,1.125959,1766
2001WangValenzuelaNice1.200.csv,200,100.0000,true,100.0000,117.4644,114.7161,1.174644,1.147161,404
2001WangValenzuelaNice1.25.csv,25,100.0000,true,100.0000,123.8127,113.4332,1.238127,1.134332,19
2001WangValenzuelaNice1.2t.csv,2000,100.0000,true,100.0000,112.4254,111.4682,1.124254,1.114682,2056
2001WangValenzuelaNice1.50.csv,50,100.0000,true,100.0000,122.3573,116.0152,1.223573,1.160152,50
2001WangValenzuelaNice1.500.csv,500,100.0000,true,100.0000,117.1935,113.3663,1.171935,1.133663,520
2001WangValenzuelaNice1.5t.csv,5000,100.0000,true,100.0000,110.5512,110.1106,1.105512,1.101106,4558
2001WangValenzuelaNice10.100.csv,100,100.0000,true,100.0000,121.2238,114.9859,1.212238,1.149859,143
2001WangValenzuelaNice10.1t.csv,1000,100.0000,true,100.0000,112.9692,112.4244,1.129692,1.124244,1833
2001WangValenzuelaNice10.200.csv,200,100.0000,true,100.0000,116.3191,113.7826,1.163191,1.137826,402
2001WangValenzuelaNice10.25.csv,25,100.0000,true,100.0000,122.5215,112.1965,1.225215,1.121965,21
2001WangValenzuelaNice10.2t.csv,2000,100.0000,true,100.0000,111.9225,110.8761,1.119225,1.108761,2123
2001WangValenzuelaNice10.50.csv,50,100.0000,true,100.0000,124.0348,114.4078,1.240348,1.144078,54
2001WangValenzuelaNice10.500.csv,500,100.0000,true,100.0000,115.5421,113.3539,1.155421,1.133539,539
2001WangValenzuelaNice10.5t.csv,5000,100.0000,true,100.0000,110.7812,110.2223,1.107812,1.102223,4657
2001WangValenzuelaNice11.100.csv,100,100.0000,true,100.0000,117.3496,114.8545,1.173496,1.148545,150
2001WangValenzuelaNice11.200.csv,200,100.0000,true,100.0000,117.9473,114.0106,1.179473,1.140106,426
2001WangValenzuelaNice11.25.csv,25,100.0000,true,100.0000,116.4492,112.7788,1.164492,1.127788,19
2001WangValenzuelaNice11.50.csv,50,100.0000,true,100.0000,123.2795,113.3913,1.232795,1.133913,51
2001WangValenzuelaNice12.100.csv,100,100.0000,true,100.0000,121.4289,115.0216,1.214289,1.150216,137
2001WangValenzuelaNice12.200.csv,200,100.0000,true,100.0000,120.4807,114.7845,1.204807,1.147845,384
2001WangValenzuelaNice12.25.csv,25,100.0000,true,100.0000,125.2154,115.6001,1.252154,1.156001,19
2001WangValenzuelaNice12.50.csv,50,100.0000,true,100.0000,121.4994,113.0588,1.214994,1.130588,50
2001WangValenzuelaNice13.100.csv,100,100.0000,true,100.0000,124.8665,114.7117,1.248665,1.147117,137
2001WangValenzuelaNice13.200.csv,200,100.0000,true,100.0000,116.7183,113.8954,1.167183,1.138954,444
2001WangValenzuelaNice13.25.csv,25,100.0000,true,100.0000,125.9082,112.7129,1.259082,1.127129,19
2001WangValenzuelaNice13.50.csv,50,100.0000,true,100.0000,122.3843,114.7256,1.223843,1.147256,53
2001WangValenzuelaNice14.100.csv,100,100.0000,true,100.0000,119.0417,114.6015,1.190417,1.146015,163
2001WangValenzuelaNice14.200.csv,200,100.0000,true,100.0000,117.7365,114.7076,1.177365,1.147076,455
2001WangValenzuelaNice14.25.csv,25,100.0000,true,100.0000,129.5822,113.7323,1.295822,1.137323,20
2001WangValenzuelaNice14.50.csv,50,100.0000,true,100.0000,119.7326,115.6577,1.197326,1.156577,55
2001WangValenzuelaNice15.100.csv,100,100.0000,true,100.0000,118.7197,113.9538,1.187197,1.139538,138
2001WangValenzuelaNice15.200.csv,200,100.0000,true,100.0000,118.3941,114.3690,1.183941,1.143690,390
2001WangValenzuelaNice15.25.csv,25,100.0000,true,100.0000,124.4017,113.8046,1.244017,1.138046,22
2001WangValenzuelaNice15.50.csv,50,100.0000,true,100.0000,120.9950,115.0891,1.209950,1.150891,55
2001WangValenzuelaNice16.100.csv,100,100.0000,true,100.0000,120.1439,114.3420,1.201439,1.143420,151
2001WangValenzuelaNice16.200.csv,200,100.0000,true,100.0000,119.0609,113.5053,1.190609,1.135053,453
2001WangValenzuelaNice16.25.csv,25,100.0000,true,100.0000,122.5286,114.0773,1.225286,1.140773,22
2001WangValenzuelaNice16.50.csv,50,100.0000,true,100.0000,123.2181,114.0761,1.232181,1.140761,49
2001WangValenzuelaNice17.100.csv,100,100.0000,true,100.0000,123.4424,113.8416,1.234424,1.138416,146
2001WangValenzuelaNice17.200.csv,200,100.0000,true,100.0000,115.4201,114.0153,1.154201,1.140153,391
2001WangValenzuelaNice17.25.csv,25,100.0000,true,100.0000,117.5223,113.2509,1.175223,1.132509,18
2001WangValenzuelaNice17.50.csv,50,100.0000,true,100.0000,124.1698,114.5668,1.241698,1.145668,54
2001WangValenzuelaNice18.100.csv,100,100.0000,true,100.0000,122.0816,114.1377,1.220816,1.141377,144
2001WangValenzuelaNice18.200.csv,200,100.0000,true,100.0000,116.8524,115.1979,1.168524,1.151979,409
2001WangValenzuelaNice18.25.csv,25,100.0000,true,100.0000,112.5971,111.9410,1.125971,1.119410,21
2001WangValenzuelaNice18.50.csv,50,100.0000,true,100.0000,125.9149,115.5371,1.259149,1.155371,55
2001WangValenzuelaNice19.100.csv,100,100.0000,true,100.0000,118.1918,114.2502,1.181918,1.142502,152
2001WangValenzuelaNice19.200.csv,200,100.0000,true,100.0000,118.1438,114.6825,1.181438,1.146825,406
2001WangValenzuelaNice19.25.csv,25,100.0000,true,100.0000,125.8833,113.0044,1.258833,1.130044,22
2001WangValenzuelaNice19.50.csv,50,100.0000,true,100.0000,126.5778,114.2845,1.265778,1.142845,57
2001WangValenzuelaNice2.100.csv,100,100.0000,true,100.0000,120.1601,114.6554,1.201601,1.146554,148
2001WangValenzuelaNice2.1t.csv,1000,100.0000,true,100.0000,112.5092,112.0907,1.125092,1.120907,1971
2001WangValenzuelaNice2.200.csv,200,100.0000,true,100.0000,116.2115,113.8379,1.162115,1.138379,426
2001WangValenzuelaNice2.25.csv,25,100.0000,true,100.0000,122.1805,111.3452,1.221805,1.113452,18
2001WangValenzuelaNice2.2t.csv,2000,100.0000,true,100.0000,112.5400,111.3148,1.125400,1.113148,2247
2001WangValenzuelaNice2.50.csv,50,100.0000,true,100.0000,117.3044,114.5814,1.173044,1.145814,52
2001WangValenzuelaNice2.500.csv,500,100.0000,true,100.0000,116.1139,113.6434,1.161139,1.136434,583
2001WangValenzuelaNice2.5t.csv,5000,100.0000,true,100.0000,110.6246,110.2703,1.106246,1.102703,4876
2001WangValenzuelaNice20.100.csv,100,100.0000,true,100.0000,121.0574,115.3765,1.210574,1.153765,145
2001WangValenzuelaNice20.200.csv,200,100.0000,true,100.0000,119.6179,113.8338,1.196179,1.138338,390
2001WangValenzuelaNice20.25.csv,25,100.0000,true,100.0000,126.9992,114.4065,1.269992,1.144065,18
2001WangValenzuelaNice20.50.csv,50,100.0000,true,100.0000,119.8144,114.5390,1.198144,1.145390,51
2001WangValenzuelaNice21.100.csv,100,100.0000,true,100.0000,118.9825,115.9481,1.189825,1.159481,138
2001WangValenzuelaNice21.200.csv,200,100.0000,true,100.0000,115.1079,114.5775,1.151079,1.145775,396
2001WangValenzuelaNice21.25.csv,25,100.0000,true,100.0000,122.0769,113.7624,1.220769,1.137624,19
2001WangValenzuelaNice21.50.csv,50,100.0000,true,100.0000,118.1517,111.4931,1.181517,1.114931,54
2001WangValenzuelaNice22.100.csv,100,100.0000,true,100.0000,120.5639,114.5636,1.205639,1.145636,137
2001WangValenzuelaNice22.200.csv,200,100.0000,true,100.0000,115.9865,114.1787,1.159865,1.141787,441
2001WangValenzuelaNice22.25.csv,25,100.0000,true,100.0000,119.7297,113.6328,1.197297,1.136328,21
2001WangValenzuelaNice22.50.csv,50,100.0000,true,100.0000,120.0989,112.8425,1.200989,1.128425,54
2001WangValenzuelaNice23.100.csv,100,100.0000,true,100.0000,121.5628,115.4899,1.215628,1.154899,139
2001WangValenzuelaNice23.200.csv,200,100.0000,true,100.0000,119.0286,113.8160,1.190286,1.138160,412
2001WangValenzuelaNice23.25.csv,25,100.0000,true,100.0000,123.4659,113.0976,1.234659,1.130976,19
2001WangValenzuelaNice23.50.csv,50,100.0000,true,100.0000,122.3777,114.5361,1.223777,1.145361,49
2001WangValenzuelaNice24.100.csv,100,100.0000,true,100.0000,123.4173,115.4298,1.234173,1.154298,149
2001WangValenzuelaNice24.200.csv,200,100.0000,true,100.0000,118.9903,115.1163,1.189903,1.151163,429
2001WangValenzuelaNice24.25.csv,25,100.0000,true,100.0000,126.0180,113.6212,1.260180,1.136212,19
2001WangValenzuelaNice24.50.csv,50,100.0000,true,100.0000,128.9080,114.3529,1.289080,1.143529,54
2001WangValenzuelaNice25.100.csv,100,100.0000,true,100.0000,117.4864,115.5506,1.174864,1.155506,134
2001WangValenzuelaNice25.200.csv,200,100.0000,true,100.0000,121.4854,114.4216,1.214854,1.144216,389
2001WangValenzuelaNice25.25.csv,25,100.0000,true,100.0000,122.4744,113.3583,1.224744,1.133583,19
2001WangValenzuelaNice25.50.csv,50,100.0000,true,100.0000,124.4103,114.4046,1.244103,1.144046,50
2001WangValenzuelaNice26.100.csv,100,100.0000,true,100.0000,119.7130,114.1535,1.197130,1.141535,137
2001WangValenzuelaNice26.200.csv,200,100.0000,true,100.0000,119.7477,114.6483,1.197477,1.146483,409
2001WangValenzuelaNice26.25.csv,25,100.0000,true,100.0000,121.3680,113.7452,1.213680,1.137452,20
2001WangValenzuelaNice26.50.csv,50,100.0000,true,100.0000,118.9271,114.8308,1.189271,1.148308,50
2001WangValenzuelaNice27.100.csv,100,100.0000,true,100.0000,114.3923,113.7194,1.143923,1.137194,137
2001WangValenzuelaNice27.200.csv,200,100.0000,true,100.0000,116.1079,114.3912,1.161079,1.143912,402
2001WangValenzuelaNice27.25.csv,25,100.0000,true,100.0000,127.4885,114.0332,1.274885,1.140332,20
2001WangValenzuelaNice27.50.csv,50,100.0000,true,100.0000,120.9259,115.7778,1.209259,1.157778,51
2001WangValenzuelaNice28.100.csv,100,100.0000,true,100.0000,122.0281,114.6528,1.220281,1.146528,138
2001WangValenzuelaNice28.200.csv,200,100.0000,true,100.0000,115.2104,114.3419,1.152104,1.143419,406
2001WangValenzuelaNice28.25.csv,25,100.0000,true,100.0000,121.5410,111.9472,1.215410,1.119472,19
2001WangValenzuelaNice28.50.csv,50,100.0000,true,100.0000,118.5747,115.4202,1.185747,1.154202,52
2001WangValenzuelaNice29.100.csv,100,100.0000,true,100.0000,122.8580,115.0217,1.228580,1.150217,136
2001WangValenzuelaNice29.200.csv,200,100.0000,true,100.0000,118.1359,114.6782,1.181359,1.146782,387
2001WangValenzuelaNice29.25.csv,25,100.0000,true,100.0000,123.9433,112.8295,1.239433,1.128295,18
2001WangValenzuelaNice29.50.csv,50,100.0000,true,100.0000,120.3225,115.1870,1.203225,1.151870,50
2001WangValenzuelaNice3.100.csv,100,100.0000,true,100.0000,118.2611,115.3127,1.182611,1.153127,149
2001WangValenzuelaNice3.1t.csv,1000,100.0000,true,100.0000,113.2041,112.3005,1.132041,1.123005,2253
2001WangValenzuelaNice3.200.csv,200,100.0000,true,100.0000,118.0908,114.4362,1.180908,1.144362,421
2001WangValenzuelaNice3.25.csv,25,100.0000,true,100.0000,122.3250,113.1593,1.223250,1.131593,20
2001WangValenzuelaNice3.2t.csv,2000,100.0000,true,100.0000,112.1477,111.5331,1.121477,1.115331,2251
2001WangValenzuelaNice3.50.csv,50,100.0000,true,100.0000,123.5014,115.0734,1.235014,1.150734,55
2001WangValenzuelaNice3.500.csv,500,100.0000,true,100.0000,116.6061,113.6434,1.166061,1.136434,567
2001WangValenzuelaNice3.5t.csv,5000,100.0000,true,100.0000,110.9897,110.3642,1.109897,1.103642,4997
2001WangValenzuelaNice30.100.csv,100,100.0000,true,100.0000,120.0631,114.9146,1.200631,1.149146,146
2001WangValenzuelaNice30.200.csv,200,100.0000,true,100.0000,120.9411,113.5729,1.209411,1.135729,412
2001WangValenzuelaNice30.25.csv,25,100.0000,true,100.0000,122.9896,112.5187,1.229896,1.125187,19
2001WangValenzuelaNice30.50.csv,50,100.0000,true,100.0000,122.3083,114.7818,1.223083,1.147818,53
2001WangValenzuelaNice31.100.csv,100,100.0000,true,100.0000,121.4067,115.1904,1.214067,1.151904,137
2001WangValenzuelaNice31.200.csv,200,100.0000,true,100.0000,114.6872,113.5544,1.146872,1.135544,387
2001WangValenzuelaNice31.25.csv,25,100.0000,true,100.0000,126.1004,112.8305,1.261004,1.128305,18
2001WangValenzuelaNice31.50.csv,50,100.0000,true,100.0000,125.9070,114.8926,1.259070,1.148926,50
2001WangValenzuelaNice32.100.csv,100,100.0000,true,100.0000,118.8894,115.8894,1.188894,1.158894,134
2001WangValenzuelaNice32.200.csv,200,100.0000,true,100.0000,118.8042,113.7672,1.188042,1.137672,403
2001WangValenzuelaNice32.25.csv,25,100.0000,true,100.0000,117.2890,113.9574,1.172890,1.139574,19
2001WangValenzuelaNice32.50.csv,50,100.0000,true,100.0000,123.2257,115.1794,1.232257,1.151794,50
2001WangValenzuelaNice33.100.csv,100,100.0000,true,100.0000,124.4413,114.7276,1.244413,1.147276,144
2001WangValenzuelaNice33.200.csv,200,100.0000,true,100.0000,118.1680,114.5617,1.181680,1.145617,390
2001WangValenzuelaNice33.25.csv,25,100.0000,true,100.0000,130.0168,114.2189,1.300168,1.142189,21
2001WangValenzuelaNice33.50.csv,50,100.0000,true,100.0000,123.2995,115.6936,1.232995,1.156936,53
2001WangValenzuelaNice34.100.csv,100,100.0000,true,100.0000,119.4376,114.5248,1.194376,1.145248,148
2001WangValenzuelaNice34.200.csv,200,100.0000,true,100.0000,118.7726,114.3732,1.187726,1.143732,428
2001WangValenzuelaNice34.25.csv,25,100.0000,true,100.0000,136.1803,112.7314,1.361803,1.127314,19
2001WangValenzuelaNice34.50.csv,50,100.0000,true,100.0000,116.1515,114.9879,1.161515,1.149879,50
2001WangValenzuelaNice35.100.csv,100,100.0000,true,100.0000,120.2747,113.8916,1.202747,1.138916,135
2001WangValenzuelaNice35.200.csv,200,100.0000,true,100.0000,117.6260,114.9572,1.176260,1.149572,390
2001WangValenzuelaNice35.25.csv,25,100.0000,true,100.0000,112.7981,112.4637,1.127981,1.124637,19
2001WangValenzuelaNice35.50.csv,50,100.0000,true,100.0000,134.5658,115.5670,1.345658,1.155670,51
2001WangValenzuelaNice36.100.csv,100,100.0000,true,100.0000,124.4497,115.2110,1.244497,1.152110,134
2001WangValenzuelaNice36.200.csv,200,100.0000,true,100.0000,117.4513,114.7578,1.174513,1.147578,398
2001WangValenzuelaNice36.25.csv,25,100.0000,true,100.0000,120.6372,115.1440,1.206372,1.151440,19
2001WangValenzuelaNice36.50.csv,50,100.0000,true,100.0000,118.1947,115.1977,1.181947,1.151977,49
2001WangValenzuelaNice37.100.csv,100,100.0000,true,100.0000,119.9007,116.0689,1.199007,1.160689,139
2001WangValenzuelaNice37.200.csv,200,100.0000,true,100.0000,119.0143,114.5858,1.190143,1.145858,403
2001WangValenzuelaNice37.25.csv,25,100.0000,true,100.0000,132.8767,113.7450,1.328767,1.137450,19
2001WangValenzuelaNice37.50.csv,50,100.0000,true,100.0000,122.9466,114.8240,1.229466,1.148240,50
2001WangValenzuelaNice38.100.csv,100,100.0000,true,100.0000,119.1822,114.0993,1.191822,1.140993,145
2001WangValenzuelaNice38.200.csv,200,100.0000,true,100.0000,119.4655,114.6265,1.194655,1.146265,431
2001WangValenzuelaNice38.25.csv,25,100.0000,true,100.0000,134.4941,113.4425,1.344941,1.134425,20
2001WangValenzuelaNice38.50.csv,50,100.0000,true,100.0000,121.4726,111.8342,1.214726,1.118342,52
2001WangValenzuelaNice39.100.csv,100,100.0000,true,100.0000,122.4929,114.9662,1.224929,1.149662,141
2001WangValenzuelaNice39.200.csv,200,100.0000,true,100.0000,119.4170,114.0411,1.194170,1.140411,406
2001WangValenzuelaNice39.25.csv,25,100.0000,true,100.0000,118.9946,113.5220,1.189946,1.135220,17
2001WangValenzuelaNice39.50.csv,50,100.0000,true,100.0000,120.0862,115.6899,1.200862,1.156899,51
2001WangValenzuelaNice4.100.csv,100,100.0000,true,100.0000,121.6460,114.4585,1.216460,1.144585,139
2001WangValenzuelaNice4.1t.csv,1000,100.0000,true,100.0000,112.7109,111.9492,1.127109,1.119492,1871
2001WangValenzuelaNice4.200.csv,200,100.0000,true,100.0000,116.3704,113.9493,1.163704,1.139493,424
2001WangValenzuelaNice4.25.csv,25,100.0000,true,100.0000,126.4874,111.1578,1.264874,1.111578,19
2001WangValenzuelaNice4.2t.csv,2000,100.0000,true,100.0000,112.3210,111.1688,1.123210,1.111688,2180
2001WangValenzuelaNice4.50.csv,50,100.0000,true,100.0000,122.1079,114.4721,1.221079,1.144721,58
2001WangValenzuelaNice4.500.csv,500,100.0000,true,100.0000,115.4347,113.5230,1.154347,1.135230,549
2001WangValenzuelaNice4.5t.csv,5000,100.0000,true,100.0000,110.8802,110.1205,1.108802,1.101205,5247
2001WangValenzuelaNice40.100.csv,100,100.0000,true,100.0000,118.0743,114.4361,1.180743,1.144361,206
2001WangValenzuelaNice40.200.csv,200,100.0000,true,100.0000,117.3010,114.0684,1.173010,1.140684,501
2001WangValenzuelaNice40.25.csv,25,100.0000,true,100.0000,115.0281,113.9064,1.150281,1.139064,23
2001WangValenzuelaNice40.50.csv,50,100.0000,true,100.0000,126.6446,115.2215,1.266446,1.152215,60
2001WangValenzuelaNice41.100.csv,100,100.0000,true,100.0000,121.6652,115.3621,1.216652,1.153621,190
2001WangValenzuelaNice41.200.csv,200,100.0000,true,100.0000,117.4089,114.5597,1.174089,1.145597,493
2001WangValenzuelaNice41.25.csv,25,100.0000,true,100.0000,122.1073,111.2742,1.221073,1.112742,21
2001WangValenzuelaNice41.50.csv,50,100.0000,true,100.0000,126.6485,115.3852,1.266485,1.153852,63
2001WangValenzuelaNice42.100.csv,100,100.0000,true,100.0000,121.4246,115.4344,1.214246,1.154344,162
2001WangValenzuelaNice42.200.csv,200,100.0000,true,100.0000,118.5169,114.1327,1.185169,1.141327,486
2001WangValenzuelaNice42.25.csv,25,100.0000,true,100.0000,117.6162,114.8918,1.176162,1.148918,20
2001WangValenzuelaNice42.50.csv,50,100.0000,true,100.0000,122.3702,116.8375,1.223702,1.168375,53
2001WangValenzuelaNice43.100.csv,100,100.0000,true,100.0000,119.0043,113.9001,1.190043,1.139001,148
2001WangValenzuelaNice43.200.csv,200,100.0000,true,100.0000,116.2912,114.4839,1.162912,1.144839,554
2001WangValenzuelaNice43.25.csv,25,100.0000,true,100.0000,128.6491,114.3766,1.286491,1.143766,19
2001WangValenzuelaNice43.50.csv,50,100.0000,true,100.0000,117.1214,114.6652,1.171214,1.146652,55
2001WangValenzuelaNice44.100.csv,100,100.0000,true,100.0000,117.9579,115.3840,1.179579,1.153840,149
2001WangValenzuelaNice44.200.csv,200,100.0000,true,100.0000,119.3843,114.4956,1.193843,1.144956,403
2001WangValenzuelaNice44.25.csv,25,100.0000,true,100.0000,123.0735,115.2871,1.230735,1.152871,20
2001WangValenzuelaNice44.50.csv,50,100.0000,true,100.0000,118.6120,114.9789,1.186120,1.149789,54
2001WangValenzuelaNice45.100.csv,100,100.0000,true,100.0000,122.0042,115.2915,1.220042,1.152915,158
2001WangValenzuelaNice45.200.csv,200,100.0000,true,100.0000,117.1296,114.4959,1.171296,1.144959,489
2001WangValenzuelaNice45.25.csv,25,100.0000,true,100.0000,125.4624,110.6529,1.254624,1.106529,21
2001WangValenzuelaNice45.50.csv,50,100.0000,true,100.0000,120.7333,115.0476,1.207333,1.150476,54
2001WangValenzuelaNice46.100.csv,100,100.0000,true,100.0000,121.7398,114.5700,1.217398,1.145700,138
2001WangValenzuelaNice46.200.csv,200,100.0000,true,100.0000,116.9925,114.9929,1.169925,1.149929,428
2001WangValenzuelaNice46.25.csv,25,100.0000,true,100.0000,120.7094,111.7077,1.207094,1.117077,20
2001WangValenzuelaNice46.50.csv,50,100.0000,true,100.0000,119.3265,114.9854,1.193265,1.149854,52
2001WangValenzuelaNice47.100.csv,100,100.0000,true,100.0000,126.6500,115.1693,1.266500,1.151693,150
2001WangValenzuelaNice47.200.csv,200,100.0000,true,100.0000,118.0458,114.4772,1.180458,1.144772,422
2001WangValenzuelaNice47.25.csv,25,100.0000,true,100.0000,116.6348,112.2413,1.166348,1.122413,19
2001WangValenzuelaNice47.50.csv,50,100.0000,true,100.0000,125.9078,115.8499,1.259078,1.158499,55
2001WangValenzuelaNice48.100.csv,100,100.0000,true,100.0000,119.8984,115.0120,1.198984,1.150120,153
2001WangValenzuelaNice48.200.csv,200,100.0000,true,100.0000,118.1664,114.5580,1.181664,1.145580,428
2001WangValenzuelaNice48.25.csv,25,100.0000,true,100.0000,123.0096,113.5838,1.230096,1.135838,21
2001WangValenzuelaNice48.50.csv,50,100.0000,true,100.0000,124.6865,113.0384,1.246865,1.130384,56
2001WangValenzuelaNice49.100.csv,100,100.0000,true,100.0000,125.1059,114.8106,1.251059,1.148106,141
2001WangValenzuelaNice49.200.csv,200,100.0000,true,100.0000,118.1126,113.8822,1.181126,1.138822,390
2001WangValenzuelaNice49.25.csv,25,100.0000,true,100.0000,137.4072,114.3577,1.374072,1.143577,19
2001WangValenzuelaNice49.50.csv,50,100.0000,true,100.0000,122.3234,113.8901,1.223234,1.138901,54
2001WangValenzuelaNice5.100.csv,100,100.0000,true,100.0000,117.2074,115.1131,1.172074,1.151131,148
2001WangValenzuelaNice5.1t.csv,1000,100.0000,true,100.0000,114.4367,112.0853,1.144367,1.120853,2079
2001WangValenzuelaNice5.200.csv,200,100.0000,true,100.0000,118.3554,114.5835,1.183554,1.145835,412
2001WangValenzuelaNice5.25.csv,25,100.0000,true,100.0000,123.8155,114.3964,1.238155,1.143964,20
2001WangValenzuelaNice5.2t.csv,2000,100.0000,true,100.0000,112.3971,111.2794,1.123971,1.112794,2472
2001WangValenzuelaNice5.50.csv,50,100.0000,true,100.0000,119.9941,112.4811,1.199941,1.124811,52
2001WangValenzuelaNice5.500.csv,500,100.0000,true,100.0000,116.4662,112.8525,1.164662,1.128525,596
2001WangValenzuelaNice5.5t.csv,5000,100.0000,true,100.0000,110.9318,109.9075,1.109318,1.099075,4816
2001WangValenzuelaNice50.100.csv,100,100.0000,true,100.0000,118.3347,114.9441,1.183347,1.149441,157
2001WangValenzuelaNice50.200.csv,200,100.0000,true,100.0000,118.4811,115.0789,1.184811,1.150789,417
2001WangValenzuelaNice50.25.csv,25,100.0000,true,100.0000,132.2027,111.5886,1.322027,1.115886,19
2001WangValenzuelaNice50.50.csv,50,100.0000,true,100.0000,128.1168,113.8071,1.281168,1.138071,52
2001WangValenzuelaNice6.100.csv,100,100.0000,true,100.0000,123.8912,114.3608,1.238912,1.143608,141
2001WangValenzuelaNice6.1t.csv,1000,100.0000,true,100.0000,112.9113,111.9891,1.129113,1.119891,1875
2001WangValenzuelaNice6.200.csv,200,100.0000,true,100.0000,116.8380,113.8505,1.168380,1.138505,397
2001WangValenzuelaNice6.25.csv,25,100.0000,true,100.0000,123.4006,109.8431,1.234006,1.098431,18
2001WangValenzuelaNice6.2t.csv,2000,100.0000,true,100.0000,111.8021,111.4662,1.118021,1.114662,2189
2001WangValenzuelaNice6.50.csv,50,100.0000,true,100.0000,122.4345,115.4135,1.224345,1.154135,52
2001WangValenzuelaNice6.500.csv,500,100.0000,true,100.0000,114.6287,113.8107,1.146287,1.138107,534
2001WangValenzuelaNice6.5t.csv,5000,100.0000,true,100.0000,110.5642,109.9265,1.105642,1.099265,4701
2001WangValenzuelaNice7.100.csv,100,100.0000,true,100.0000,117.0641,114.6333,1.170641,1.146333,145
2001WangValenzuelaNice7.1t.csv,1000,100.0000,true,100.0000,113.4430,111.9983,1.134430,1.119983,1827
2001WangValenzuelaNice7.200.csv,200,100.0000,true,100.0000,117.0262,113.9884,1.170262,1.139884,395
2001WangValenzuelaNice7.25.csv,25,100.0000,true,100.0000,120.6536,112.7787,1.206536,1.127787,21
2001WangValenzuelaNice7.2t.csv,2000,100.0000,true,100.0000,112.6645,111.4234,1.126645,1.114234,2235
2001WangValenzuelaNice7.50.csv,50,100.0000,true,100.0000,114.7853,114.7853,1.147853,1.147853,57
2001WangValenzuelaNice7.500.csv,500,100.0000,true,100.0000,114.7834,112.9987,1.147834,1.129987,520
2001WangValenzuelaNice7.5t.csv,5000,100.0000,true,100.0000,111.2102,110.0042,1.112102,1.100042,4958
2001WangValenzuelaNice8.100.csv,100,100.0000,true,100.0000,115.3986,115.2626,1.153986,1.152626,137
2001WangValenzuelaNice8.1t.csv,1000,100.0000,true,100.0000,113.3229,112.2756,1.133229,1.122756,1796
2001WangValenzuelaNice8.200.csv,200,100.0000,true,100.0000,116.9004,114.9654,1.169004,1.149654,393
2001WangValenzuelaNice8.25.csv,25,100.0000,true,100.0000,120.6536,112.7787,1.206536,1.127787,22
2001WangValenzuelaNice8.2t.csv,2000,100.0000,true,100.0000,112.2592,110.7758,1.122592,1.107758,2093
2001WangValenzuelaNice8.50.csv,50,100.0000,true,100.0000,120.7058,113.7878,1.207058,1.137878,52
2001WangValenzuelaNice8.500.csv,500,100.0000,true,100.0000,115.0338,112.9456,1.150338,1.129456,590
2001WangValenzuelaNice8.5t.csv,5000,100.0000,true,100.0000,110.5736,110.1918,1.105736,1.101918,4787
2001WangValenzuelaNice9.100.csv,100,100.0000,true,100.0000,124.1050,115.8046,1.241050,1.158046,137
2001WangValenzuelaNice9.1t.csv,1000,100.0000,true,100.0000,112.8756,112.5987,1.128756,1.125987,1890
2001WangValenzuelaNice9.200.csv,200,100.0000,true,100.0000,117.3277,114.3172,1.173277,1.143172,382
2001WangValenzuelaNice9.25.csv,25,100.0000,true,100.0000,124.6627,110.9992,1.246627,1.109992,17
2001WangValenzuelaNice9.2t.csv,2000,100.0000,true,100.0000,112.5708,111.5854,1.125708,1.115854,2044
2001WangValenzuelaNice9.50.csv,50,100.0000,true,100.0000,120.4193,115.8206,1.204193,1.158206,44
2001WangValenzuelaNice9.500.csv,500,100.0000,true,100.0000,115.6179,113.2765,1.156179,1.132765,527
2001WangValenzuelaNice9.5t.csv,5000,100.0000,true,100.0000,110.7503,110.1628,1.107503,1.101628,4677
2001WangValenzuelaPath1.100.csv,100,100.0000,true,100.0000,150.8804,118.1618,1.508804,1.181618,173
2001WangValenzuelaPath1.1t.csv,1000,100.0000,true,100.0000,125.3687,125.3687,1.253687,1.253687,4176
2001WangValenzuelaPath1.200.csv,200,100.0000,true,100.0000,139.3067,127.7700,1.393067,1.277700,602
2001WangValenzuelaPath1.25.csv,25,100.0000,true,100.0000,167.0521,116.7322,1.670521,1.167322,24
2001WangValenzuelaPath1.2t.csv,2000,100.0000,true,100.0000,122.9380,122.9380,1.229380,1.229380,5415
2001WangValenzuelaPath1.50.csv,50,100.0000,true,100.0000,139.2727,114.7067,1.392727,1.147067,63
2001WangValenzuelaPath1.500.csv,500,100.0000,true,100.0000,133.1400,125.4699,1.331400,1.254699,1038
2001WangValenzuelaPath1.5t.csv,5000,100.0000,true,100.0000,119.6716,119.6716,1.196716,1.196716,13692
2001WangValenzuelaPath10.100.csv,100,100.0000,true,100.0000,138.8972,122.1111,1.388973,1.221111,282
2001WangValenzuelaPath10.1t.csv,1000,100.0000,true,100.0000,122.7256,122.7256,1.227256,1.227256,6920
2001WangValenzuelaPath10.200.csv,200,100.0000,true,100.0000,132.4990,121.0495,1.324990,1.210495,1062
2001WangValenzuelaPath10.25.csv,25,100.0000,true,100.0000,177.7866,111.3975,1.777866,1.113975,25
2001WangValenzuelaPath10.2t.csv,2000,100.0000,true,100.0000,123.5224,123.5224,1.235224,1.235224,9334
2001WangValenzuelaPath10.50.csv,50,100.0000,true,100.0000,151.8087,120.9174,1.518087,1.209174,84
2001WangValenzuelaPath10.500.csv,500,100.0000,true,100.0000,121.9052,121.9052,1.219052,1.219052,1825
2001WangValenzuelaPath10.5t.csv,5000,100.0000,true,100.0000,119.2980,119.2980,1.192980,1.192980,25548
2001WangValenzuelaPath11.100.csv,100,100.0000,true,100.0000,138.3241,121.9268,1.383241,1.219268,324
2001WangValenzuelaPath11.200.csv,200,100.0000,true,100.0000,136.8342,124.3857,1.368342,1.243857,1305
2001WangValenzuelaPath11.25.csv,25,100.0000,true,100.0000,132.9170,123.8783,1.329170,1.238783,28
2001WangValenzuelaPath11.50.csv,50,100.0000,true,100.0000,152.8676,121.5378,1.528676,1.215378,84
2001WangValenzuelaPath12.100.csv,100,100.0000,true,100.0000,156.1056,129.2733,1.561056,1.292733,230
2001WangValenzuelaPath12.200.csv,200,100.0000,true,100.0000,139.1492,129.4461,1.391492,1.294461,792
2001WangValenzuelaPath12.25.csv,25,100.0000,true,100.0000,110.6934,110.6934,1.106934,1.106934,22
2001WangValenzuelaPath12.50.csv,50,100.0000,true,100.0000,147.3131,123.5965,1.473131,1.235965,74
2001WangValenzuelaPath13.100.csv,100,100.0000,true,100.0000,120.1710,119.5574,1.201710,1.195574,192
2001WangValenzuelaPath13.200.csv,200,100.0000,true,100.0000,120.5777,120.1710,1.205777,1.201710,636
2001WangValenzuelaPath13.25.csv,25,100.0000,true,100.0000,162.5640,112.4633,1.625640,1.124633,21
2001WangValenzuelaPath13.50.csv,50,100.0000,true,100.0000,126.0136,120.6545,1.260136,1.206545,105
2001WangValenzuelaPath14.100.csv,100,100.0000,true,100.0000,142.5657,121.8377,1.425657,1.218377,178
2001WangValenzuelaPath14.200.csv,200,100.0000,true,100.0000,137.7948,122.8426,1.377948,1.228426,466
2001WangValenzuelaPath14.25.csv,25,100.0000,true,100.0000,136.4430,110.6871,1.364430,1.106871,20
2001WangValenzuelaPath14.50.csv,50,100.0000,true,100.0000,128.7032,113.4465,1.287031,1.134465,49
2001WangValenzuelaPath15.100.csv,100,100.0000,true,100.0000,162.0353,118.8376,1.620353,1.188376,199
2001WangValenzuelaPath15.200.csv,200,100.0000,true,100.0000,128.5096,123.7122,1.285096,1.237122,614
2001WangValenzuelaPath15.25.csv,25,100.0000,true,100.0000,157.6249,122.1411,1.576249,1.221411,25
2001WangValenzuelaPath15.50.csv,50,100.0000,true,100.0000,154.2726,122.2496,1.542726,1.222496,73
2001WangValenzuelaPath16.100.csv,100,100.0000,true,100.0000,128.9030,123.1672,1.289030,1.231672,113
2001WangValenzuelaPath16.200.csv,200,100.0000,true,100.0000,146.3092,122.7682,1.463092,1.227682,338
2001WangValenzuelaPath16.25.csv,25,100.0000,true,100.0000,137.5200,106.0361,1.375200,1.060361,15
2001WangValenzuelaPath16.50.csv,50,100.0000,true,100.0000,146.8798,117.7106,1.468798,1.177106,42
2001WangValenzuelaPath17.100.csv,100,100.0000,true,100.0000,122.0608,116.3846,1.220608,1.163846,150
2001WangValenzuelaPath17.200.csv,200,100.0000,true,100.0000,150.4947,122.8611,1.504947,1.228611,486
2001WangValenzuelaPath17.25.csv,25,100.0000,true,100.0000,119.6887,109.9268,1.196887,1.099268,18
2001WangValenzuelaPath17.50.csv,50,100.0000,true,100.0000,118.8851,115.5525,1.188851,1.155525,55
2001WangValenzuelaPath18.100.csv,100,100.0000,true,100.0000,166.6753,124.7895,1.666753,1.247895,185
2001WangValenzuelaPath18.200.csv,200,100.0000,true,100.0000,135.6834,129.6821,1.356834,1.296821,551
2001WangValenzuelaPath18.25.csv,25,100.0000,true,100.0000,143.5831,112.4808,1.435831,1.124808,21
2001WangValenzuelaPath18.50.csv,50,100.0000,true,100.0000,153.3421,117.6583,1.533421,1.176583,64
2001WangValenzuelaPath19.100.csv,100,100.0000,true,100.0000,134.4569,125.5085,1.344569,1.255085,274
2001WangValenzuelaPath19.200.csv,200,100.0000,true,100.0000,131.7382,125.9956,1.317382,1.259956,926
2001WangValenzuelaPath19.25.csv,25,100.0000,true,100.0000,163.5778,114.3625,1.635778,1.143625,27
2001WangValenzuelaPath19.50.csv,50,100.0000,true,100.0000,172.9781,120.4868,1.729781,1.204868,80
2001WangValenzuelaPath2.100.csv,100,100.0000,true,100.0000,156.9442,128.5645,1.569442,1.285645,192
2001WangValenzuelaPath2.1t.csv,1000,100.0000,true,100.0000,144.0222,136.7390,1.440222,1.367390,4349
2001WangValenzuelaPath2.200.csv,200,100.0000,true,100.0000,138.7099,134.7514,1.387099,1.347514,708
2001WangValenzuelaPath2.25.csv,25,100.0000,true,100.0000,131.3278,112.1234,1.313278,1.121234,19
2001WangValenzuelaPath2.2t.csv,2000,100.0000,true,100.0000,122.3978,122.3978,1.223978,1.223978,6039
2001WangValenzuelaPath2.50.csv,50,100.0000,true,100.0000,152.6835,120.1154,1.526835,1.201154,66
2001WangValenzuelaPath2.500.csv,500,100.0000,true,100.0000,132.9061,132.9061,1.329061,1.329061,1125
2001WangValenzuelaPath2.5t.csv,5000,100.0000,true,100.0000,120.1250,120.1250,1.201250,1.201250,16172
2001WangValenzuelaPath20.100.csv,100,100.0000,true,100.0000,160.1839,123.5836,1.601839,1.235836,333
2001WangValenzuelaPath20.200.csv,200,100.0000,true,100.0000,128.9553,118.3696,1.289553,1.183696,1100
2001WangValenzuelaPath20.25.csv,25,100.0000,true,100.0000,171.2790,113.1947,1.712790,1.131947,28
2001WangValenzuelaPath20.50.csv,50,100.0000,true,100.0000,157.9150,120.0978,1.579150,1.200978,93
2001WangValenzuelaPath21.100.csv,100,100.0000,true,100.0000,152.8415,123.7217,1.528415,1.237217,255
2001WangValenzuelaPath21.200.csv,200,100.0000,true,100.0000,135.8863,132.7537,1.358863,1.327537,838
2001WangValenzuelaPath21.25.csv,25,100.0000,true,100.0000,155.7509,111.2055,1.557509,1.112055,26
2001WangValenzuelaPath21.50.csv,50,100.0000,true,100.0000,137.9272,118.8721,1.379272,1.188721,81
2001WangValenzuelaPath22.100.csv,100,100.0000,true,100.0000,161.9899,122.7735,1.619899,1.227735,330
2001WangValenzuelaPath22.200.csv,200,100.0000,true,100.0000,145.5632,125.0149,1.455632,1.250149,1035
2001WangValenzuelaPath22.25.csv,25,100.0000,true,100.0000,158.1028,121.5762,1.581028,1.215762,27
2001WangValenzuelaPath22.50.csv,50,100.0000,true,100.0000,148.6339,120.7618,1.486339,1.207618,106
2001WangValenzuelaPath23.100.csv,100,100.0000,true,100.0000,159.6617,127.7700,1.596617,1.277700,211
2001WangValenzuelaPath23.200.csv,200,100.0000,true,100.0000,161.0582,127.5817,1.610582,1.275817,751
2001WangValenzuelaPath23.25.csv,25,100.0000,true,100.0000,157.0018,117.6595,1.570018,1.176595,22
2001WangValenzuelaPath23.50.csv,50,100.0000,true,100.0000,153.4470,119.2875,1.534470,1.192875,69
2001WangValenzuelaPath24.100.csv,100,100.0000,true,100.0000,137.1333,120.4693,1.371333,1.204693,185
2001WangValenzuelaPath24.200.csv,200,100.0000,true,100.0000,141.6102,128.3741,1.416102,1.283741,604
2001WangValenzuelaPath24.25.csv,25,100.0000,true,100.0000,133.7913,114.2294,1.337913,1.142294,21
2001WangValenzuelaPath24.50.csv,50,100.0000,true,100.0000,177.7220,117.5816,1.777220,1.175816,67
2001WangValenzuelaPath25.100.csv,100,100.0000,true,100.0000,177.5735,133.0959,1.775735,1.330959,126
2001WangValenzuelaPath25.200.csv,200,100.0000,true,100.0000,152.4708,139.0626,1.524708,1.390626,402
2001WangValenzuelaPath25.25.csv,25,100.0000,true,100.0000,138.8789,113.9690,1.388789,1.139690,22
2001WangValenzuelaPath25.50.csv,50,100.0000,true,100.0000,183.0821,114.8147,1.830821,1.148147,83
2001WangValenzuelaPath26.100.csv,100,100.0000,true,100.0000,145.1790,120.9183,1.451790,1.209183,279
2001WangValenzuelaPath26.200.csv,200,100.0000,true,100.0000,135.9639,122.4119,1.359639,1.224119,1067
2001WangValenzuelaPath26.25.csv,25,100.0000,true,100.0000,163.4665,120.4674,1.634665,1.204674,24
2001WangValenzuelaPath26.50.csv,50,100.0000,true,100.0000,162.0360,120.4304,1.620360,1.204304,77
2001WangValenzuelaPath27.100.csv,100,100.0000,true,100.0000,153.0765,125.0495,1.530765,1.250495,146
2001WangValenzuelaPath27.200.csv,200,100.0000,true,100.0000,143.8878,128.8722,1.438878,1.288722,441
2001WangValenzuelaPath27.25.csv,25,100.0000,true,100.0000,114.8499,113.5830,1.148499,1.135830,16
2001WangValenzuelaPath27.50.csv,50,100.0000,true,100.0000,131.8011,131.7620,1.318011,1.317620,45
2001WangValenzuelaPath28.100.csv,100,100.0000,true,100.0000,183.6450,143.0529,1.836450,1.430529,205
2001WangValenzuelaPath28.200.csv,200,100.0000,true,100.0000,183.1315,143.4011,1.831315,1.434011,979
2001WangValenzuelaPath28.25.csv,25,100.0000,true,100.0000,134.5305,116.7024,1.345305,1.167024,21
2001WangValenzuelaPath28.50.csv,50,100.0000,true,100.0000,136.3426,136.3426,1.363426,1.363426,60
2001WangValenzuelaPath29.100.csv,100,100.0000,true,100.0000,191.4455,128.7573,1.914455,1.287573,218
2001WangValenzuelaPath29.200.csv,200,100.0000,true,100.0000,146.0833,128.5507,1.460833,1.285507,669
2001WangValenzuelaPath29.25.csv,25,100.0000,true,100.0000,124.4518,118.8533,1.244518,1.188533,23
2001WangValenzuelaPath29.50.csv,50,100.0000,true,100.0000,184.3403,116.7163,1.843403,1.167163,72
2001WangValenzuelaPath3.100.csv,100,100.0000,true,100.0000,142.9536,118.3404,1.429536,1.183404,267
2001WangValenzuelaPath3.1t.csv,1000,100.0000,true,100.0000,125.0336,125.0336,1.250336,1.250336,4017
2001WangValenzuelaPath3.200.csv,200,100.0000,true,100.0000,135.0703,124.3077,1.350703,1.243077,746
2001WangValenzuelaPath3.25.csv,25,100.0000,true,100.0000,138.5962,109.1441,1.385962,1.091441,24
2001WangValenzuelaPath3.2t.csv,2000,100.0000,true,100.0000,124.9146,124.0047,1.249146,1.240047,5197
2001WangValenzuelaPath3.50.csv,50,100.0000,true,100.0000,131.4424,120.3420,1.314424,1.203420,88
2001WangValenzuelaPath3.500.csv,500,100.0000,true,100.0000,130.3218,128.8177,1.303218,1.288177,1144
2001WangValenzuelaPath3.5t.csv,5000,100.0000,true,100.0000,117.5215,117.5215,1.175215,1.175215,14885
2001WangValenzuelaPath30.100.csv,100,100.0000,true,100.0000,125.5875,121.3539,1.255875,1.213539,486
2001WangValenzuelaPath30.200.csv,200,100.0000,true,100.0000,121.9573,120.6495,1.219573,1.206495,1655
2001WangValenzuelaPath30.25.csv,25,100.0000,true,100.0000,164.2928,117.9530,1.642928,1.179530,31
2001WangValenzuelaPath30.50.csv,50,100.0000,true,100.0000,140.6332,115.6904,1.406332,1.156904,124
2001WangValenzuelaPath31.100.csv,100,100.0000,true,100.0000,143.9181,115.1775,1.439181,1.151775,184
2001WangValenzuelaPath31.200.csv,200,100.0000,true,100.0000,143.5563,122.8142,1.435563,1.228142,511
2001WangValenzuelaPath31.25.csv,25,100.0000,true,100.0000,112.3342,112.0222,1.123342,1.120222,18
2001WangValenzuelaPath31.50.csv,50,100.0000,true,100.0000,132.6804,119.1007,1.326804,1.191007,56
2001WangValenzuelaPath32.100.csv,100,100.0000,true,100.0000,140.2746,121.3448,1.402746,1.213448,205
2001WangValenzuelaPath32.200.csv,200,100.0000,true,100.0000,136.4572,128.5719,1.364572,1.285719,779
2001WangValenzuelaPath32.25.csv,25,100.0000,true,100.0000,166.8402,114.8427,1.668402,1.148427,23
2001WangValenzuelaPath32.50.csv,50,100.0000,true,100.0000,151.4169,114.2925,1.514169,1.142925,68
2001WangValenzuelaPath33.100.csv,100,100.0000,true,100.0000,139.5938,129.5538,1.395938,1.295538,229
2001WangValenzuelaPath33.200.csv,200,100.0000,true,100.0000,145.3579,126.5855,1.453579,1.265855,760
2001WangValenzuelaPath33.25.csv,25,100.0000,true,100.0000,146.0168,121.7962,1.460168,1.217962,24
2001WangValenzuelaPath33.50.csv,50,100.0000,true,100.0000,147.9189,123.3302,1.479189,1.233302,75
2001WangValenzuelaPath34.100.csv,100,100.0000,true,100.0000,138.5431,122.0788,1.385431,1.220788,368
2001WangValenzuelaPath34.200.csv,200,100.0000,true,100.0000,117.1705,115.8703,1.171705,1.158703,977
2001WangValenzuelaPath34.25.csv,25,100.0000,true,100.0000,134.0347,121.5374,1.340347,1.215374,29
2001WangValenzuelaPath34.50.csv,50,100.0000,true,100.0000,161.3440,119.0965,1.613440,1.190965,99
2001WangValenzuelaPath35.100.csv,100,100.0000,true,100.0000,138.3516,123.1179,1.383516,1.231179,150
2001WangValenzuelaPath35.200.csv,200,100.0000,true,100.0000,135.5448,122.5815,1.355448,1.225815,406
2001WangValenzuelaPath35.25.csv,25,100.0000,true,100.0000,137.5045,109.6401,1.375045,1.096401,20
2001WangValenzuelaPath35.50.csv,50,100.0000,true,100.0000,139.6300,113.2048,1.396300,1.132048,53
2001WangValenzuelaPath36.100.csv,100,100.0000,true,100.0000,137.2680,125.2556,1.372680,1.252556,101
2001WangValenzuelaPath36.200.csv,200,100.0000,true,100.0000,151.7018,124.4373,1.517018,1.244373,328
2001WangValenzuelaPath36.25.csv,25,100.0000,true,100.0000,200.0000,135.9798,2.000000,1.359798,15
2001WangValenzuelaPath36.50.csv,50,100.0000,true,100.0000,221.1864,126.8526,2.211864,1.268526,38
2001WangValenzuelaPath37.100.csv,100,100.0000,true,100.0000,129.8745,117.8620,1.298745,1.178620,281
2001WangValenzuelaPath37.200.csv,200,100.0000,true,100.0000,149.7336,127.6701,1.497336,1.276701,1162
2001WangValenzuelaPath37.25.csv,25,100.0000,true,100.0000,133.7277,121.6131,1.337277,1.216131,28
2001WangValenzuelaPath37.50.csv,50,100.0000,true,100.0000,156.7838,122.8993,1.567838,1.228993,82
2001WangValenzuelaPath38.100.csv,100,100.0000,true,100.0000,132.6927,121.7287,1.326927,1.217287,237
2001WangValenzuelaPath38.200.csv,200,100.0000,true,100.0000,123.9028,122.3250,1.239028,1.223250,781
2001WangValenzuelaPath38.25.csv,25,100.0000,true,100.0000,112.1260,111.2971,1.121260,1.112971,20
2001WangValenzuelaPath38.50.csv,50,100.0000,true,100.0000,150.6942,117.7032,1.506942,1.177032,65
2001WangValenzuelaPath39.100.csv,100,100.0000,true,100.0000,166.8316,138.5980,1.668316,1.385980,124
2001WangValenzuelaPath39.200.csv,200,100.0000,true,100.0000,194.8386,135.9163,1.948386,1.359163,390
2001WangValenzuelaPath39.25.csv,25,100.0000,true,100.0000,220.1151,117.0367,2.201151,1.170367,15
2001WangValenzuelaPath39.50.csv,50,100.0000,true,100.0000,143.8095,125.2171,1.438095,1.252171,47
2001WangValenzuelaPath4.100.csv,100,100.0000,true,100.0000,133.2165,123.1472,1.332165,1.231472,226
2001WangValenzuelaPath4.1t.csv,1000,100.0000,true,100.0000,134.5341,124.2467,1.345341,1.242467,5419
2001WangValenzuelaPath4.200.csv,200,100.0000,true,100.0000,129.8081,126.0195,1.298081,1.260195,823
2001WangValenzuelaPath4.25.csv,25,100.0000,true,100.0000,140.8245,112.9324,1.408245,1.129324,25
2001WangValenzuelaPath4.2t.csv,2000,100.0000,true,100.0000,125.3430,125.3430,1.253430,1.253430,6591
2001WangValenzuelaPath4.50.csv,50,100.0000,true,100.0000,159.7092,117.1790,1.597092,1.171790,72
2001WangValenzuelaPath4.500.csv,500,100.0000,true,100.0000,127.9698,126.4961,1.279698,1.264961,1325
2001WangValenzuelaPath4.5t.csv,5000,100.0000,true,100.0000,117.5595,117.5595,1.175595,1.175595,19019
2001WangValenzuelaPath40.100.csv,100,100.0000,true,100.0000,149.0132,115.0697,1.490132,1.150697,312
2001WangValenzuelaPath40.200.csv,200,100.0000,true,100.0000,136.3907,123.0261,1.363907,1.230261,1045
2001WangValenzuelaPath40.25.csv,25,100.0000,true,100.0000,145.2977,115.7809,1.452977,1.157809,27
2001WangValenzuelaPath40.50.csv,50,100.0000,true,100.0000,185.2077,120.2734,1.852077,1.202734,86
2001WangValenzuelaPath41.100.csv,100,100.0000,true,100.0000,141.4881,123.4526,1.414881,1.234526,355
2001WangValenzuelaPath41.200.csv,200,100.0000,true,100.0000,129.4973,124.4535,1.294973,1.244535,1441
2001WangValenzuelaPath41.25.csv,25,100.0000,true,100.0000,118.3539,114.3626,1.183539,1.143626,29
2001WangValenzuelaPath41.50.csv,50,100.0000,true,100.0000,150.2408,129.3197,1.502408,1.293197,108
2001WangValenzuelaPath42.100.csv,100,100.0000,true,100.0000,164.6841,134.5240,1.646841,1.345240,128
2001WangValenzuelaPath42.200.csv,200,100.0000,true,100.0000,149.7107,126.0002,1.497107,1.260002,427
2001WangValenzuelaPath42.25.csv,25,100.0000,true,100.0000,161.6092,115.6385,1.616092,1.156385,18
2001WangValenzuelaPath42.50.csv,50,100.0000,true,100.0000,130.8971,120.7930,1.308971,1.207930,49
2001WangValenzuelaPath43.100.csv,100,100.0000,true,100.0000,135.2157,120.8263,1.352157,1.208263,170
2001WangValenzuelaPath43.200.csv,200,100.0000,true,100.0000,140.6009,127.5304,1.406009,1.275304,573
2001WangValenzuelaPath43.25.csv,25,100.0000,true,100.0000,129.2684,113.6606,1.292683,1.136606,21
2001WangValenzuelaPath43.50.csv,50,100.0000,true,100.0000,138.4253,116.0672,1.384253,1.160672,66
2001WangValenzuelaPath44.100.csv,100,100.0000,true,100.0000,134.0465,116.1833,1.340465,1.161833,193
2001WangValenzuelaPath44.200.csv,200,100.0000,true,100.0000,140.7547,123.7787,1.407547,1.237787,693
2001WangValenzuelaPath44.25.csv,25,100.0000,true,100.0000,134.4896,113.8140,1.344896,1.138140,25
2001WangValenzuelaPath44.50.csv,50,100.0000,true,100.0000,157.4172,116.7104,1.574172,1.167104,71
2001WangValenzuelaPath45.100.csv,100,100.0000,true,100.0000,137.8375,123.1106,1.378375,1.231106,238
2001WangValenzuelaPath45.200.csv,200,100.0000,true,100.0000,156.6388,128.5684,1.566388,1.285684,733
2001WangValenzuelaPath45.25.csv,25,100.0000,true,100.0000,171.1077,114.5536,1.711077,1.145536,24
2001WangValenzuelaPath45.50.csv,50,100.0000,true,100.0000,174.2586,117.3976,1.742586,1.173976,70
2001WangValenzuelaPath46.100.csv,100,100.0000,true,100.0000,154.0827,123.7935,1.540827,1.237935,126
2001WangValenzuelaPath46.200.csv,200,100.0000,true,100.0000,159.3847,136.5459,1.593847,1.365459,467
2001WangValenzuelaPath46.25.csv,25,100.0000,true,100.0000,115.3808,107.9959,1.153808,1.079959,19
2001WangValenzuelaPath46.50.csv,50,100.0000,true,100.0000,120.2515,111.1350,1.202515,1.111350,48
2001WangValenzuelaPath47.100.csv,100,100.0000,true,100.0000,146.6209,131.3091,1.466209,1.313091,181
2001WangValenzuelaPath47.200.csv,200,100.0000,true,100.0000,133.1596,129.3281,1.331596,1.293281,668
2001WangValenzuelaPath47.25.csv,25,100.0000,true,100.0000,182.2594,116.8920,1.822594,1.168920,21
2001WangValenzuelaPath47.50.csv,50,100.0000,true,100.0000,177.7157,126.3232,1.777157,1.263232,60
2001WangValenzuelaPath48.100.csv,100,100.0000,true,100.0000,167.5470,123.3647,1.675470,1.233647,167
2001WangValenzuelaPath48.200.csv,200,100.0000,true,100.0000,132.9707,130.0300,1.329707,1.300300,573
2001WangValenzuelaPath48.25.csv,25,100.0000,true,100.0000,123.7202,113.0027,1.237202,1.130027,21
2001WangValenzuelaPath48.50.csv,50,100.0000,true,100.0000,167.8835,115.6248,1.678835,1.156248,54
2001WangValenzuelaPath49.100.csv,100,100.0000,true,100.0000,178.5320,132.7055,1.785320,1.327055,174
2001WangValenzuelaPath49.200.csv,200,100.0000,true,100.0000,157.1410,137.7118,1.571410,1.377118,584
2001WangValenzuelaPath49.25.csv,25,100.0000,true,100.0000,154.2790,118.6705,1.542790,1.186705,20
2001WangValenzuelaPath49.50.csv,50,100.0000,true,100.0000,150.8340,126.6384,1.508340,1.266384,58
2001WangValenzuelaPath5.100.csv,100,100.0000,true,100.0000,146.3272,123.8984,1.463272,1.238984,203
2001WangValenzuelaPath5.1t.csv,1000,100.0000,true,100.0000,128.6567,128.4036,1.286567,1.284036,5141
2001WangValenzuelaPath5.200.csv,200,100.0000,true,100.0000,132.0117,126.4546,1.320117,1.264546,730
2001WangValenzuelaPath5.25.csv,25,100.0000,true,100.0000,177.5428,115.8833,1.775428,1.158833,23
2001WangValenzuelaPath5.2t.csv,2000,100.0000,true,100.0000,124.4590,124.4590,1.244590,1.244590,6932
2001WangValenzuelaPath5.50.csv,50,100.0000,true,100.0000,175.6723,118.5824,1.756723,1.185824,62
2001WangValenzuelaPath5.500.csv,500,100.0000,true,100.0000,128.1902,123.5320,1.281902,1.235320,1183
2001WangValenzuelaPath5.5t.csv,5000,100.0000,true,100.0000,119.9159,119.9159,1.199159,1.199159,18225
2001WangValenzuelaPath50.100.csv,100,100.0000,true,100.0000,165.4480,121.8017,1.654480,1.218017,147
2001WangValenzuelaPath50.200.csv,200,100.0000,true,100.0000,165.4480,129.0945,1.654480,1.290945,493
2001WangValenzuelaPath50.25.csv,25,100.0000,true,100.0000,131.2843,113.5302,1.312843,1.135302,17
2001WangValenzuelaPath50.50.csv,50,100.0000,true,100.0000,130.2742,118.1436,1.302742,1.181436,46
2001WangValenzuelaPath6.100.csv,100,100.0000,true,100.0000,151.6104,121.8872,1.516104,1.218872,136
2001WangValenzuelaPath6.1t.csv,1000,100.0000,true,100.0000,127.0509,123.5979,1.270509,1.235979,2754
2001WangValenzuelaPath6.200.csv,200,100.0000,true,100.0000,141.2130,125.1526,1.412130,1.251526,430
2001WangValenzuelaPath6.25.csv,25,100.0000,true,100.0000,153.4442,114.1109,1.534442,1.141109,19
2001WangValenzuelaPath6.2t.csv,2000,100.0000,true,100.0000,123.4053,121.7894,1.234053,1.217894,3699
2001WangValenzuelaPath6.50.csv,50,100.0000,true,100.0000,163.7302,116.4153,1.637302,1.164153,49
2001WangValenzuelaPath6.500.csv,500,100.0000,true,100.0000,130.4490,130.4490,1.304490,1.304490,687
2001WangValenzuelaPath6.5t.csv,5000,100.0000,true,100.0000,119.2724,119.1052,1.192724,1.191052,9370
2001WangValenzuelaPath7.100.csv,100,100.0000,true,100.0000,184.1116,123.6672,1.841116,1.236672,189
2001WangValenzuelaPath7.1t.csv,1000,100.0000,true,100.0000,121.6593,121.6593,1.216593,1.216593,5826
2001WangValenzuelaPath7.200.csv,200,100.0000,true,100.0000,128.3064,127.8306,1.283064,1.278306,779
2001WangValenzuelaPath7.25.csv,25,100.0000,true,100.0000,162.0992,125.6750,1.620992,1.256750,20
2001WangValenzuelaPath7.2t.csv,2000,100.0000,true,100.0000,121.0789,121.0789,1.210789,1.210789,7639
2001WangValenzuelaPath7.50.csv,50,100.0000,true,100.0000,154.3003,124.4539,1.543003,1.244539,59
2001WangValenzuelaPath7.500.csv,500,100.0000,true,100.0000,124.5112,124.5112,1.245112,1.245112,1456
2001WangValenzuelaPath7.5t.csv,5000,100.0000,true,100.0000,118.0926,118.0926,1.180926,1.180926,20911
2001WangValenzuelaPath8.100.csv,100,100.0000,true,100.0000,187.6386,122.5313,1.876386,1.225313,198
2001WangValenzuelaPath8.1t.csv,1000,100.0000,true,100.0000,122.3348,122.3348,1.223348,1.223348,4945
2001WangValenzuelaPath8.200.csv,200,100.0000,true,100.0000,134.7516,128.9108,1.347516,1.289108,704
2001WangValenzuelaPath8.25.csv,25,100.0000,true,100.0000,170.4176,119.7624,1.704176,1.197624,24
2001WangValenzuelaPath8.2t.csv,2000,100.0000,true,100.0000,122.6472,122.6472,1.226472,1.226472,6492
2001WangValenzuelaPath8.50.csv,50,100.0000,true,100.0000,192.5903,127.4874,1.925903,1.274874,67
2001WangValenzuelaPath8.500.csv,500,100.0000,true,100.0000,127.6150,127.6150,1.276150,1.276150,1255
2001WangValenzuelaPath8.5t.csv,5000,100.0000,true,100.0000,119.3432,119.3432,1.193432,1.193432,17951
2001WangValenzuelaPath9.100.csv,100,100.0000,true,100.0000,158.5573,120.6397,1.585573,1.206397,225
2001WangValenzuelaPath9.1t.csv,1000,100.0000,true,100.0000,128.9735,125.9929,1.289735,1.259929,3377
2001WangValenzuelaPath9.200.csv,200,100.0000,true,100.0000,157.0728,130.6630,1.570728,1.306630,706
2001WangValenzuelaPath9.25.csv,24,100.0000,true,100.0000,100.0000,100.0000,1.000000,1.000000,29
2001WangValenzuelaPath9.2t.csv,2000,100.0000,true,100.0000,122.4003,122.4003,1.224003,1.224003,4521
2001WangValenzuelaPath9.50.csv,50,100.0000,true,100.0000,143.6414,119.9801,1.436414,1.199801,65
2001WangValenzuelaPath9.500.csv,500,100.0000,true,100.0000,138.9595,136.7348,1.389595,1.367348,837
2001WangValenzuelaPath9.5t.csv,5000,100.0000,true,100.0000,122.9375,122.9375,1.229375,1.229375,10837
2004BurkeKendallWhitwellN1.csv,10,40.0000,true,40.0000,40.0000,40.0000,1.000000,1.000000,5
2004BurkeKendallWhitwellN10.csv,200,70.0000,true,150.0000,172.0000,166.0000,1.146667,1.106667,201
2004BurkeKendallWhitwellN11.csv,300,70.0000,true,150.0000,210.0000,183.0000,1.400000,1.220000,109
2004BurkeKendallWhitwellN12.csv,500,100.0000,true,300.0000,370.0000,350.0000,1.233333,1.166667,256
2004BurkeKendallWhitwellN2.csv,20,30.0000,true,50.0000,72.0000,55.0000,1.440000,1.100000,11
2004BurkeKendallWhitwellN3.csv,30,30.0000,true,50.0000,57.0000,54.0000,1.140000,1.080000,23
2004BurkeKendallWhitwellN4.csv,40,80.0000,true,80.0000,90.0000,90.0000,1.125000,1.125000,36
2004BurkeKendallWhitwellN5.csv,50,100.0000,true,100.0000,131.0000,112.0000,1.310000,1.120000,37
2004BurkeKendallWhitwellN6.csv,60,50.0000,true,100.0000,126.0000,118.0000,1.260000,1.180000,46
2004BurkeKendallWhitwellN7.csv,70,80.0000,true,100.0000,118.0000,113.0000,1.180000,1.130000,76
2004BurkeKendallWhitwellN8.csv,80,100.0000,true,80.0000,96.0000,90.0000,1.200000,1.125000,101
2004BurkeKendallWhitwellN9.csv,100,50.0000,true,150.0000,209.0000,178.0000,1.393333,1.186667,89
babu.csv,50,1000.0000,true,375.0000,400.0000,400.0000,1.066667,1.066667,49
CX100.csv,100,400.0000,true,600.0000,784.0000,725.0000,1.306667,1.208333,110
CX1000.csv,1000,400.0000,true,600.0000,749.0000,749.0000,1.248333,1.248333,1137
CX10000.csv,10000,400.0000,true,600.0000,678.0000,678.0000,1.130000,1.130000,7270
CX15000.csv,15000,400.0000,true,600.0000,660.0000,660.0000,1.100000,1.100000,12069
CX50.csv,49,400.0000,true,600.0000,728.0000,651.0000,1.213333,1.085000,50
CX500.csv,500,400.0000,true,600.0000,810.0000,721.0000,1.350000,1.201667,369
CX5000.csv,5000,400.0000,true,600.0000,684.0000,684.0000,1.140000,1.140000,2866
